Pclass,count,survival_rate
1,216,0.6296296296296297
2,184,0.47282608695652173
3,491,0.24236252545824846
